{"cameraMode":{"drawMode":0,"name":"Shaded","section":"Shading Mode"},"sceneLighting":false,"audioPlay":false,"sceneViewState":{"m_AlwaysRefresh":false,"showFog":true,"showSkybox":true,"showFlares":true,"showImageEffects":true,"showParticleSystems":true,"showVisualEffectGraphs":true,"m_FxEnabled":true},"in2DMode":false,"pivot":{"x":381.8438415527344,"y":2432.106689453125,"z":-1227.4307861328125},"rotation":{"x":0.17983999848365785,"y":-0.02803114242851734,"z":0.0051268404349684719,"w":0.9832831025123596},"size":7.735483646392822,"orthographic":false}