{"cameraMode":{"drawMode":0,"name":"Shaded","section":"Shading Mode"},"sceneLighting":false,"audioPlay":false,"sceneViewState":{"m_AlwaysRefresh":false,"showFog":true,"showSkybox":true,"showFlares":true,"showImageEffects":true,"showParticleSystems":true,"showVisualEffectGraphs":true,"m_FxEnabled":true},"in2DMode":false,"pivot":{"x":128.25106811523438,"y":452.5535583496094,"z":-9.961257934570313},"rotation":{"x":-0.1393103301525116,"y":-0.025244180113077165,"z":0.0035529339220374824,"w":-0.9899240136146545},"size":68.58870697021485,"orthographic":false}