{"cameraMode":{"drawMode":0,"name":"Shaded","section":"Shading Mode"},"sceneLighting":false,"audioPlay":false,"sceneViewState":{"m_AlwaysRefresh":false,"showFog":true,"showSkybox":false,"showFlares":true,"showImageEffects":true,"showParticleSystems":true,"showVisualEffectGraphs":true,"m_FxEnabled":true},"in2DMode":false,"pivot":{"x":-0.7534446120262146,"y":1.0796608924865723,"z":-6.801662921905518},"rotation":{"x":0.21074722707271577,"y":0.24427418410778047,"z":-0.05430183559656143,"w":0.9450493454933167},"size":0.8660253882408142,"orthographic":false}